-- =============================================
-- 补充数据脚本
-- 为每张数据不足的表补充到至少 10 条数据
-- 执行顺序：在 ry_20260321.sql 之后执行
-- =============================================

-- ----------------------------
-- 1. 补充岗位数据 sys_post (现有 4 条，补充 6 条)
-- ----------------------------
INSERT INTO sys_post (post_id, post_code, post_name, post_sort, status, create_by, create_time) VALUES
(5,  'dev',  '开发工程师', 5, '0', 'admin', '2026-04-24 10:00:00'),
(6,  'test', '测试工程师', 6, '0', 'admin', '2026-04-24 10:00:00'),
(7,  'ops',  '运维工程师', 7, '0', 'admin', '2026-04-24 10:00:00'),
(8,  'pm',   '产品经理',   8, '0', 'admin', '2026-04-24 10:00:00'),
(9,  'ui',   'UI设计师',   9, '0', 'admin', '2026-04-24 10:00:00'),
(10, 'qa',   '质量主管',   10, '0', 'admin', '2026-04-24 10:00:00');

-- ----------------------------
-- 2. 补充角色数据 sys_role (现有 2 条，补充 8 条)
-- ----------------------------
INSERT INTO sys_role (role_id, role_name, role_key, role_sort, data_scope, status, create_by, create_time, remark) VALUES
(3,  '开发人员', 'developer', 3, '2', '0', 'admin', '2026-04-24 10:00:00', '开发人员角色'),
(4,  '测试人员', 'tester',    4, '2', '0', 'admin', '2026-04-24 10:00:00', '测试人员角色'),
(5,  '运维人员', 'operator',  5, '2', '0', 'admin', '2026-04-24 10:00:00', '运维人员角色'),
(6,  '产品经理', 'pm',        6, '1', '0', 'admin', '2026-04-24 10:00:00', '产品经理角色'),
(7,  'UI设计师', 'designer',  7, '1', '0', 'admin', '2026-04-24 10:00:00', 'UI设计师角色'),
(8,  '部门主管', 'dept_mgr',  8, '4', '0', 'admin', '2026-04-24 10:00:00', '部门主管角色'),
(9,  '财务人员', 'finance',   9, '3', '0', 'admin', '2026-04-24 10:00:00', '财务人员角色'),
(10, '实习生',   'intern',   10, '5', '0', 'admin', '2026-04-24 10:00:00', '实习生角色');

-- ----------------------------
-- 3. 补充用户数据 sys_user (现有 2 条，补充 14 条)
-- 密码统一为 admin123 的 BCrypt 加密值
-- ----------------------------
INSERT INTO sys_user (user_id, dept_id, user_name, nick_name, user_type, email, phonenumber, sex, avatar, password, status, del_flag, login_ip, login_date, create_by, create_time) VALUES
(3,  103, 'zhangsan',  '张三',   '00', 'zhangsan@ruoyi.com',  '13888880001', '0', '', '$2a$10$7JB720yubVSZvUI0rEqK/.VqGOZTH.ulu33dHOiBE8ByOhJIrdAu2', '0', '0', '127.0.0.1', '2026-04-24 10:00:00', 'admin', '2026-04-24 10:00:00'),
(4,  104, 'lisi',      '李四',   '00', 'lisi@ruoyi.com',      '13888880002', '0', '', '$2a$10$7JB720yubVSZvUI0rEqK/.VqGOZTH.ulu33dHOiBE8ByOhJIrdAu2', '0', '0', '127.0.0.1', '2026-04-24 10:00:00', 'admin', '2026-04-24 10:00:00'),
(5,  105, 'wangwu',    '王五',   '00', 'wangwu@ruoyi.com',    '13888880003', '1', '', '$2a$10$7JB720yubVSZvUI0rEqK/.VqGOZTH.ulu33dHOiBE8ByOhJIrdAu2', '0', '0', '127.0.0.1', '2026-04-24 10:00:00', 'admin', '2026-04-24 10:00:00'),
(6,  106, 'zhaoliu',   '赵六',   '00', 'zhaoliu@ruoyi.com',   '13888880004', '0', '', '$2a$10$7JB720yubVSZvUI0rEqK/.VqGOZTH.ulu33dHOiBE8ByOhJIrdAu2', '0', '0', '127.0.0.1', '2026-04-24 10:00:00', 'admin', '2026-04-24 10:00:00'),
(7,  107, 'sunqi',     '孙七',   '00', 'sunqi@ruoyi.com',     '13888880005', '0', '', '$2a$10$7JB720yubVSZvUI0rEqK/.VqGOZTH.ulu33dHOiBE8ByOhJIrdAu2', '0', '0', '127.0.0.1', '2026-04-24 10:00:00', 'admin', '2026-04-24 10:00:00'),
(8,  108, 'zhouba',    '周八',   '00', 'zhouba@ruoyi.com',    '13888880006', '1', '', '$2a$10$7JB720yubVSZvUI0rEqK/.VqGOZTH.ulu33dHOiBE8ByOhJIrdAu2', '0', '0', '127.0.0.1', '2026-04-24 10:00:00', 'admin', '2026-04-24 10:00:00'),
(9,  109, 'wujiu',     '吴九',   '00', 'wujiu@ruoyi.com',     '13888880007', '0', '', '$2a$10$7JB720yubVSZvUI0rEqK/.VqGOZTH.ulu33dHOiBE8ByOhJIrdAu2', '0', '0', '127.0.0.1', '2026-04-24 10:00:00', 'admin', '2026-04-24 10:00:00'),
(10, 103, 'chenshi',   '陈十',   '00', 'chenshi@ruoyi.com',   '13888880008', '0', '', '$2a$10$7JB720yubVSZvUI0rEqK/.VqGOZTH.ulu33dHOiBE8ByOhJIrdAu2', '0', '0', '127.0.0.1', '2026-04-24 10:00:00', 'admin', '2026-04-24 10:00:00'),
(11, 104, 'liuxue',    '刘雪',   '00', 'liuxue@ruoyi.com',    '13888880009', '1', '', '$2a$10$7JB720yubVSZvUI0rEqK/.VqGOZTH.ulu33dHOiBE8ByOhJIrdAu2', '0', '0', '127.0.0.1', '2026-04-24 10:00:00', 'admin', '2026-04-24 10:00:00'),
(12, 105, 'huangming', '黄明',   '00', 'huangming@ruoyi.com', '13888880010', '0', '', '$2a$10$7JB720yubVSZvUI0rEqK/.VqGOZTH.ulu33dHOiBE8ByOhJIrdAu2', '0', '0', '127.0.0.1', '2026-04-24 10:00:00', 'admin', '2026-04-24 10:00:00'),
(13, 106, 'linhua',    '林华',   '00', 'linhua@ruoyi.com',    '13888880011', '1', '', '$2a$10$7JB720yubVSZvUI0rEqK/.VqGOZTH.ulu33dHOiBE8ByOhJIrdAu2', '0', '0', '127.0.0.1', '2026-04-24 10:00:00', 'admin', '2026-04-24 10:00:00'),
(14, 107, 'yangfei',   '杨飞',   '00', 'yangfei@ruoyi.com',   '13888880012', '0', '', '$2a$10$7JB720yubVSZvUI0rEqK/.VqGOZTH.ulu33dHOiBE8ByOhJIrdAu2', '0', '0', '127.0.0.1', '2026-04-24 10:00:00', 'admin', '2026-04-24 10:00:00'),
(15, 108, 'xujie',     '徐杰',   '00', 'xujie@ruoyi.com',     '13888880013', '0', '', '$2a$10$7JB720yubVSZvUI0rEqK/.VqGOZTH.ulu33dHOiBE8ByOhJIrdAu2', '0', '0', '127.0.0.1', '2026-04-24 10:00:00', 'admin', '2026-04-24 10:00:00'),
(16, 109, 'heyuan',    '何远',   '00', 'heyuan@ruoyi.com',    '13888880014', '1', '', '$2a$10$7JB720yubVSZvUI0rEqK/.VqGOZTH.ulu33dHOiBE8ByOhJIrdAu2', '0', '0', '127.0.0.1', '2026-04-24 10:00:00', 'admin', '2026-04-24 10:00:00');

-- ----------------------------
-- 4. 补充用户-角色关联 sys_user_role (现有 2 条，补充 14 条)
-- ----------------------------
INSERT INTO sys_user_role (user_id, role_id) VALUES
(3, 3), (4, 4), (5, 4), (6, 5), (7, 3),
(8, 6), (9, 5), (10, 3), (11, 7), (12, 4),
(13, 9), (14, 8), (15, 3), (16, 10);

-- ----------------------------
-- 5. 补充用户-岗位关联 sys_user_post (现有 2 条，补充 14 条)
-- ----------------------------
INSERT INTO sys_user_post (user_id, post_id) VALUES
(3, 5), (4, 8), (5, 6), (6, 7), (7, 5),
(8, 8), (9, 7), (10, 5), (11, 9), (12, 6),
(13, 1), (14, 2), (15, 5), (16, 10);

-- ----------------------------
-- 6. 补充角色-部门关联 sys_role_dept (现有 3 条，补充 12 条)
-- ----------------------------
INSERT INTO sys_role_dept (role_id, dept_id) VALUES
(3, 103), (3, 104), (4, 105), (4, 106), (5, 107),
(6, 103), (6, 104), (7, 103), (8, 101), (8, 102),
(9, 106), (10, 105);

-- ----------------------------
-- 7. 补充角色-菜单关联 sys_role_menu
-- ----------------------------
INSERT INTO sys_role_menu (role_id, menu_id) VALUES
(3, 1), (3, 100), (3, 101), (3, 102), (3, 103), (3, 104), (3, 105), (3, 106), (3, 107),
(4, 1), (4, 100), (4, 101), (4, 105), (4, 107), (4, 108),
(5, 2), (5, 109), (5, 110), (5, 111), (5, 112), (5, 113);

-- ----------------------------
-- 8. 补充参数配置 sys_config (现有 8 条，补充 4 条)
-- ----------------------------
INSERT INTO sys_config (config_id, config_name, config_key, config_value, config_type, create_by, create_time, remark) VALUES
(9,  '用户默认头像',   'sys.user.defaultAvatar',  '',      'Y', 'admin', '2026-04-24 10:00:00', '默认头像路径'),
(10, '账号自助注册',   'sys.account.register',    'false', 'Y', 'admin', '2026-04-24 10:00:00', '是否开启账号自助注册功能'),
(11, '用户初始密码',   'sys.user.initPassword',   '123456','Y', 'admin', '2026-04-24 10:00:00', '用户初始密码'),
(12, '数据备份保留天数','sys.backup.retainDays',   '30',    'Y', 'admin', '2026-04-24 10:00:00', '系统数据备份保留天数');

-- ----------------------------
-- 9. 补充定时任务 sys_job (现有 3 条，补充 7 条)
-- ----------------------------
INSERT INTO sys_job (job_id, job_name, job_group, invoke_target, cron_expression, misfire_policy, concurrent, status, create_by, create_time) VALUES
(4,  '系统状态监控',   'DEFAULT', 'ryTask.systemStatusMonitor',  '0 0/10 * * * ?', '3', '1', '1', 'admin', '2026-04-24 10:00:00'),
(5,  '数据清理任务',   'DEFAULT', 'ryTask.dataCleanup',          '0 0 2 * * ?',    '3', '1', '1', 'admin', '2026-04-24 10:00:00'),
(6,  '缓存刷新任务',   'DEFAULT', 'ryTask.cacheRefresh',         '0 0/30 * * * ?', '3', '1', '1', 'admin', '2026-04-24 10:00:00'),
(7,  '用户密码过期检查','DEFAULT', 'ryTask.passwordExpireCheck',  '0 0 1 * * ?',    '3', '1', '1', 'admin', '2026-04-24 10:00:00'),
(8,  '数据库备份',     'DEFAULT', 'ryTask.databaseBackup',       '0 0 3 * * ?',    '3', '1', '1', 'admin', '2026-04-24 10:00:00'),
(9,  '日志归档任务',   'DEFAULT', 'ryTask.logArchive',           '0 0 4 * * ?',    '3', '1', '1', 'admin', '2026-04-24 10:00:00'),
(10, '在线用户检查',   'DEFAULT', 'ryTask.onlineUserCheck',      '0 0/5 * * * ?',  '3', '1', '1', 'admin', '2026-04-24 10:00:00');

-- ----------------------------
-- 10. 补充通知公告 sys_notice (现有 3 条，补充 8 条)
-- ----------------------------
INSERT INTO sys_notice (notice_id, notice_title, notice_type, notice_content, status, create_by, create_time, remark) VALUES
(4,  '系统维护通知',   '2', '<p>系统将于本周六凌晨2:00-4:00进行例行维护升级，届时系统将暂停服务，请提前做好数据备份。</p>', '0', 'admin', '2026-04-24 10:00:00', ''),
(5,  '新版功能上线',   '1', '<p>本次更新包含以下新功能：新增数据导出功能、优化查询性能、新增批量操作支持</p>', '0', 'admin', '2026-04-24 10:00:00', ''),
(6,  '安全提醒',       '2', '<p>请各位同事定期修改登录密码，建议密码长度不少于8位，包含大小写字母和数字。</p>', '0', 'admin', '2026-04-24 10:00:00', ''),
(7,  '培训通知',       '1', '<p>定于下周一至周三开展系统使用培训，请各部门安排人员参加。培训地点：3楼会议室，时间：14:00-16:00。</p>', '0', 'admin', '2026-04-24 10:00:00', ''),
(8,  '假期安排通知',   '1', '<p>根据国家法定节假日安排，现将假期安排通知如下，请各部门提前做好工作交接。</p>', '0', 'admin', '2026-04-24 10:00:00', ''),
(9,  '数据备份提醒',   '2', '<p>请各部门负责人在每月最后一个工作日完成重要数据的导出备份工作，确保数据安全。</p>', '0', 'admin', '2026-04-24 10:00:00', ''),
(10, '系统操作规范',   '1', '<p>为规范系统操作，现发布系统操作规范文档，请仔细阅读并遵守相关操作流程。</p>', '0', 'admin', '2026-04-24 10:00:00', ''),
(11, '服务器迁移通知', '2', '<p>由于业务发展需要，系统将于近期迁移至新服务器，迁移期间可能出现短暂访问延迟，敬请谅解。</p>', '0', 'admin', '2026-04-24 10:00:00', '');

-- ----------------------------
-- 11. 补充字典类型 sys_dict_type (已有 10 条，补充 5 条)
-- ----------------------------
INSERT INTO sys_dict_type (dict_id, dict_name, dict_type, status, create_by, create_time, remark) VALUES
(11, '审批状态', 'sys_approval_status', '0', 'admin', '2026-04-24 10:00:00', '审批状态列表'),
(12, '优先级',   'sys_priority',        '0', 'admin', '2026-04-24 10:00:00', '任务优先级'),
(13, '设备状态', 'sys_device_status',   '0', 'admin', '2026-04-24 10:00:00', '设备在线状态'),
(14, '数据范围', 'sys_data_scope',      '0', 'admin', '2026-04-24 10:00:00', '数据权限范围'),
(15, '文件类型', 'sys_file_type',       '0', 'admin', '2026-04-24 10:00:00', '文件上传类型');

-- ----------------------------
-- 12. 补充字典数据 sys_dict_data
-- ----------------------------
INSERT INTO sys_dict_data (dict_code, dict_sort, dict_label, dict_value, dict_type, css_class, list_class, is_default, status, create_by, create_time, remark) VALUES
(30, 1, '待审批', '0', 'sys_approval_status', '', 'warning', 'N', '0', 'admin', '2026-04-24 10:00:00', ''),
(31, 2, '已通过', '1', 'sys_approval_status', '', 'success', 'N', '0', 'admin', '2026-04-24 10:00:00', ''),
(32, 3, '已拒绝', '2', 'sys_approval_status', '', 'danger',  'N', '0', 'admin', '2026-04-24 10:00:00', ''),
(33, 4, '已撤回', '3', 'sys_approval_status', '', 'info',    'N', '0', 'admin', '2026-04-24 10:00:00', ''),
(34, 1, '低',     '0', 'sys_priority', '', 'info',    'N', '0', 'admin', '2026-04-24 10:00:00', ''),
(35, 2, '中',     '1', 'sys_priority', '', 'warning', 'N', '0', 'admin', '2026-04-24 10:00:00', ''),
(36, 3, '高',     '2', 'sys_priority', '', 'danger',  'N', '0', 'admin', '2026-04-24 10:00:00', ''),
(37, 4, '紧急',   '3', 'sys_priority', '', 'danger',  'N', '0', 'admin', '2026-04-24 10:00:00', ''),
(38, 1, '在线',   '0', 'sys_device_status', '', 'success', 'N', '0', 'admin', '2026-04-24 10:00:00', ''),
(39, 2, '离线',   '1', 'sys_device_status', '', 'info',    'N', '0', 'admin', '2026-04-24 10:00:00', ''),
(40, 3, '故障',   '2', 'sys_device_status', '', 'danger',  'N', '0', 'admin', '2026-04-24 10:00:00', ''),
(41, 1, '全部数据',     '1', 'sys_data_scope', '', '', 'N', '0', 'admin', '2026-04-24 10:00:00', ''),
(42, 2, '自定义数据',   '2', 'sys_data_scope', '', '', 'N', '0', 'admin', '2026-04-24 10:00:00', ''),
(43, 3, '本部门数据',   '3', 'sys_data_scope', '', '', 'N', '0', 'admin', '2026-04-24 10:00:00', ''),
(44, 4, '本部门及以下', '4', 'sys_data_scope', '', '', 'N', '0', 'admin', '2026-04-24 10:00:00', ''),
(45, 5, '仅本人数据',   '5', 'sys_data_scope', '', '', 'N', '0', 'admin', '2026-04-24 10:00:00', ''),
(46, 1, '图片', 'image',   'sys_file_type', '', '', 'N', '0', 'admin', '2026-04-24 10:00:00', ''),
(47, 2, '文档', 'document','sys_file_type', '', '', 'N', '0', 'admin', '2026-04-24 10:00:00', ''),
(48, 3, '视频', 'video',   'sys_file_type', '', '', 'N', '0', 'admin', '2026-04-24 10:00:00', ''),
(49, 4, '音频', 'audio',   'sys_file_type', '', '', 'N', '0', 'admin', '2026-04-24 10:00:00', ''),
(50, 5, '其他', 'other',   'sys_file_type', '', '', 'N', '0', 'admin', '2026-04-24 10:00:00', '');
